Karte,Gruppe,Instrument,Kürzel,Variante,Gerät,Datei,Quelle,Status,Notiz
03 Gamelan,Elaboration,Bonang Barung,BNB,,Operator,MMM_BNB_Default.adv,gmln.4 v2.0,berechnet,
03 Gamelan,Elaboration,Bonang Panerus,BNP,,Operator,MMM_BNP_Default.adv,gmln.4 v2.0,berechnet,
03 Gamelan,Drums,Ceng-ceng,CNG,ceng,Operator,MMM_CNG_ceng.adv,gmln.4 v2.0,berechnet,"Drum Rack, gebaut für C3; Pad-Note 88"
03 Gamelan,Drums,Ceng-ceng,CNG,cheng,Operator,MMM_CNG_cheng.adv,gmln.4 v2.0,berechnet,"Drum Rack, gebaut für C3; Pad-Note 89"
03 Gamelan,Balungan,Demung,DMG,,Operator,MMM_DMG_Default.adv,gmln.4 v2.0,berechnet,
03 Gamelan,Elaboration,Gambang,GAM,,Operator,MMM_GAM_Default.adv,gmln.4 v2.0,berechnet,
03 Gamelan,Kotekan polos,Gender Polos,GDP,Polos,Operator,MMM_GDP_Polos.adv,gmln.4 v2.0,berechnet,
03 Gamelan,Kotekan sangsih,Gender Sangsih,GDS,Sangsih,Operator,MMM_GDS_Sangsih.adv,gmln.4 v2.0,berechnet,
03 Gamelan,Colotomy,Gong Ageng,GNG,,Operator,MMM_GNG_Default.adv,gmln.4 v2.0,berechnet,
03 Gamelan,Balungan,Jublag,JBL,,Operator,MMM_JBL_Default.adv,gmln.4 v2.0,berechnet,
03 Gamelan,Balungan,Jegogan,JGG,,Operator,MMM_JGG_Default.adv,gmln.4 v2.0,berechnet,
03 Gamelan,Colotomy,Jengglong,JNG,,Operator,MMM_JNG_Default.adv,gmln.4 v2.0,berechnet,
03 Gamelan,Drums,Kendang Lanang,KBL,tak,Operator,MMM_KBL_tak.adv,gmln.4 v2.0,berechnet,"Drum Rack, gebaut für C3; Pad-Note 54"
03 Gamelan,Drums,Kendang Lanang,KBL,tut,Operator,MMM_KBL_tut.adv,gmln.4 v2.0,berechnet,"Drum Rack, gebaut für C3; Pad-Note 58"
03 Gamelan,Drums,Kendang Wadon,KBW,dag,Operator,MMM_KBW_dag.adv,gmln.4 v2.0,berechnet,"Drum Rack, gebaut für C3; Pad-Note 49"
03 Gamelan,Drums,Kendang Wadon,KBW,pung,Operator,MMM_KBW_pung.adv,gmln.4 v2.0,berechnet,"Drum Rack, gebaut für C3; Pad-Note 51"
03 Gamelan,Drums,Kendhang Ageng,KDA,dang,Operator,MMM_KDA_dang.adv,gmln.4 v2.0,berechnet,"Drum Rack, gebaut für C3; Pad-Note 36"
03 Gamelan,Drums,Kendhang Ageng,KDA,dhe,Operator,MMM_KDA_dhe.adv,gmln.4 v2.0,berechnet,"Drum Rack, gebaut für C3; Pad-Note 37"
03 Gamelan,Drums,Kendhang Ciblon,KDC,dang,Operator,MMM_KDC_dang.adv,gmln.4 v2.0,berechnet,"Drum Rack, gebaut für C3; Pad-Note 40"
03 Gamelan,Drums,Kendhang Ciblon,KDC,dhe,Operator,MMM_KDC_dhe.adv,gmln.4 v2.0,berechnet,"Drum Rack, gebaut für C3; Pad-Note 41"
03 Gamelan,Drums,Kendhang Ciblon,KDC,plak,Operator,MMM_KDC_plak.adv,gmln.4 v2.0,berechnet,"Drum Rack, gebaut für C3; Pad-Note 44"
03 Gamelan,Drums,Kendhang Ciblon,KDC,tak,Operator,MMM_KDC_tak.adv,gmln.4 v2.0,berechnet,"Drum Rack, gebaut für C3; Pad-Note 42"
03 Gamelan,Drums,Kendhang Ciblon,KDC,tung,Operator,MMM_KDC_tung.adv,gmln.4 v2.0,berechnet,"Drum Rack, gebaut für C3; Pad-Note 43"
03 Gamelan,Drums,Ketipung,KDK,tak,Operator,MMM_KDK_tak.adv,gmln.4 v2.0,berechnet,"Drum Rack, gebaut für C3; Pad-Note 50"
03 Gamelan,Drums,Ketipung,KDK,tung,Operator,MMM_KDK_tung.adv,gmln.4 v2.0,berechnet,"Drum Rack, gebaut für C3; Pad-Note 51"
03 Gamelan,Colotomy,Kajar,KJR,,Operator,MMM_KJR_Default.adv,gmln.4 v2.0,berechnet,feste Note 70
03 Gamelan,Colotomy,Kemong,KMG,,Operator,MMM_KMG_Default.adv,gmln.4 v2.0,berechnet,
03 Gamelan,Colotomy,Kempul,KMP,,Operator,MMM_KMP_Default.adv,gmln.4 v2.0,berechnet,
03 Gamelan,Colotomy,Kenong,KNG,,Operator,MMM_KNG_Default.adv,gmln.4 v2.0,berechnet,
03 Gamelan,Kotekan polos,Kantilan Polos,KNP,Polos,Operator,MMM_KNP_Polos.adv,gmln.4 v2.0,berechnet,
03 Gamelan,Kotekan sangsih,Kantilan Sangsih,KNS,Sangsih,Operator,MMM_KNS_Sangsih.adv,gmln.4 v2.0,berechnet,
03 Gamelan,Colotomy,Kempur,KPR,,Operator,MMM_KPR_Default.adv,gmln.4 v2.0,berechnet,
03 Gamelan,Colotomy,Kempyang,KPY,,Operator,MMM_KPY_Default.adv,gmln.4 v2.0,berechnet,feste Note 76
03 Gamelan,Colotomy,Kethuk,KTK,,Operator,MMM_KTK_Default.adv,gmln.4 v2.0,berechnet,feste Note 64
03 Gamelan,Balungan,Peking,PKG,,Operator,MMM_PKG_Default.adv,gmln.4 v2.0,berechnet,
03 Gamelan,Kotekan polos,Pemade Polos,PMP,Polos,Operator,MMM_PMP_Polos.adv,gmln.4 v2.0,berechnet,
03 Gamelan,Kotekan sangsih,Pemade Sangsih,PMS,Sangsih,Operator,MMM_PMS_Sangsih.adv,gmln.4 v2.0,berechnet,
03 Gamelan,Melody,Rebab,RBB,Rebab,Operator,MMM_RBB_Rebab_Operator.adv,gmln.4 v2.0,berechnet,
03 Gamelan,Melody,Rebab,RBB,Rebab,Tension,MMM_RBB_Rebab_Tension.adv,gmln.4 v2.0,berechnet,
03 Gamelan,Kotekan polos,Reyong Polos,RYP,Polos,Operator,MMM_RYP_Polos.adv,gmln.4 v2.0,berechnet,
03 Gamelan,Kotekan sangsih,Reyong Sangsih,RYS,Sangsih,Operator,MMM_RYS_Sangsih.adv,gmln.4 v2.0,berechnet,
03 Gamelan,Balungan,Slenthem,SLN,,Operator,MMM_SLN_Default.adv,gmln.4 v2.0,berechnet,
03 Gamelan,Balungan,Saron Barung,SRN,,Operator,MMM_SRN_Default.adv,gmln.4 v2.0,berechnet,
03 Gamelan,Melody,Suling,SUL,Suling,Operator,MMM_SUL_Suling.adv,gmln.4 v2.0,berechnet,
03 Gamelan,Elaboration,Bonang Barung,BNB,,Collision,MMM_BNB_Default_Collision.adv,gmln.4 v2.0,berechnet,
03 Gamelan,Elaboration,Bonang Panerus,BNP,,Collision,MMM_BNP_Default_Collision.adv,gmln.4 v2.0,berechnet,
03 Gamelan,Drums,Ceng-ceng,CNG,ceng,Collision,MMM_CNG_ceng_Collision.adv,gmln.4 v2.0,berechnet,"Drum Rack, gebaut für C3; Pad-Note 88"
03 Gamelan,Drums,Ceng-ceng,CNG,cheng,Collision,MMM_CNG_cheng_Collision.adv,gmln.4 v2.0,berechnet,"Drum Rack, gebaut für C3; Pad-Note 89"
03 Gamelan,Balungan,Demung,DMG,,Collision,MMM_DMG_Default_Collision.adv,gmln.4 v2.0,berechnet,
03 Gamelan,Elaboration,Gambang,GAM,,Collision,MMM_GAM_Default_Collision.adv,gmln.4 v2.0,berechnet,
03 Gamelan,Kotekan polos,Gender Polos,GDP,Polos,Collision,MMM_GDP_Polos_Collision.adv,gmln.4 v2.0,berechnet,
03 Gamelan,Kotekan sangsih,Gender Sangsih,GDS,Sangsih,Collision,MMM_GDS_Sangsih_Collision.adv,gmln.4 v2.0,berechnet,
03 Gamelan,Colotomy,Gong Ageng,GNG,,Collision,MMM_GNG_Default_Collision.adv,gmln.4 v2.0,berechnet,
03 Gamelan,Balungan,Jublag,JBL,,Collision,MMM_JBL_Default_Collision.adv,gmln.4 v2.0,berechnet,
03 Gamelan,Balungan,Jegogan,JGG,,Collision,MMM_JGG_Default_Collision.adv,gmln.4 v2.0,berechnet,
03 Gamelan,Colotomy,Jengglong,JNG,,Collision,MMM_JNG_Default_Collision.adv,gmln.4 v2.0,berechnet,
03 Gamelan,Drums,Kendang Lanang,KBL,tak,Collision,MMM_KBL_tak_Collision.adv,gmln.4 v2.0,berechnet,"Drum Rack, gebaut für C3; Pad-Note 54"
03 Gamelan,Drums,Kendang Lanang,KBL,tut,Collision,MMM_KBL_tut_Collision.adv,gmln.4 v2.0,berechnet,"Drum Rack, gebaut für C3; Pad-Note 58"
03 Gamelan,Drums,Kendang Wadon,KBW,dag,Collision,MMM_KBW_dag_Collision.adv,gmln.4 v2.0,berechnet,"Drum Rack, gebaut für C3; Pad-Note 49"
03 Gamelan,Drums,Kendang Wadon,KBW,pung,Collision,MMM_KBW_pung_Collision.adv,gmln.4 v2.0,berechnet,"Drum Rack, gebaut für C3; Pad-Note 51"
03 Gamelan,Drums,Kendhang Ageng,KDA,dang,Collision,MMM_KDA_dang_Collision.adv,gmln.4 v2.0,berechnet,"Drum Rack, gebaut für C3; Pad-Note 36"
03 Gamelan,Drums,Kendhang Ageng,KDA,dhe,Collision,MMM_KDA_dhe_Collision.adv,gmln.4 v2.0,berechnet,"Drum Rack, gebaut für C3; Pad-Note 37"
03 Gamelan,Drums,Kendhang Ciblon,KDC,dang,Collision,MMM_KDC_dang_Collision.adv,gmln.4 v2.0,berechnet,"Drum Rack, gebaut für C3; Pad-Note 40"
03 Gamelan,Drums,Kendhang Ciblon,KDC,dhe,Collision,MMM_KDC_dhe_Collision.adv,gmln.4 v2.0,berechnet,"Drum Rack, gebaut für C3; Pad-Note 41"
03 Gamelan,Drums,Kendhang Ciblon,KDC,plak,Collision,MMM_KDC_plak_Collision.adv,gmln.4 v2.0,berechnet,"Drum Rack, gebaut für C3; Pad-Note 44"
03 Gamelan,Drums,Kendhang Ciblon,KDC,tak,Collision,MMM_KDC_tak_Collision.adv,gmln.4 v2.0,berechnet,"Drum Rack, gebaut für C3; Pad-Note 42"
03 Gamelan,Drums,Kendhang Ciblon,KDC,tung,Collision,MMM_KDC_tung_Collision.adv,gmln.4 v2.0,berechnet,"Drum Rack, gebaut für C3; Pad-Note 43"
03 Gamelan,Drums,Ketipung,KDK,tak,Collision,MMM_KDK_tak_Collision.adv,gmln.4 v2.0,berechnet,"Drum Rack, gebaut für C3; Pad-Note 50"
03 Gamelan,Drums,Ketipung,KDK,tung,Collision,MMM_KDK_tung_Collision.adv,gmln.4 v2.0,berechnet,"Drum Rack, gebaut für C3; Pad-Note 51"
03 Gamelan,Colotomy,Kajar,KJR,,Collision,MMM_KJR_Default_Collision.adv,gmln.4 v2.0,berechnet,feste Note 70
03 Gamelan,Colotomy,Kemong,KMG,,Collision,MMM_KMG_Default_Collision.adv,gmln.4 v2.0,berechnet,
03 Gamelan,Colotomy,Kempul,KMP,,Collision,MMM_KMP_Default_Collision.adv,gmln.4 v2.0,berechnet,
03 Gamelan,Colotomy,Kenong,KNG,,Collision,MMM_KNG_Default_Collision.adv,gmln.4 v2.0,berechnet,
03 Gamelan,Kotekan polos,Kantilan Polos,KNP,Polos,Collision,MMM_KNP_Polos_Collision.adv,gmln.4 v2.0,berechnet,
03 Gamelan,Kotekan sangsih,Kantilan Sangsih,KNS,Sangsih,Collision,MMM_KNS_Sangsih_Collision.adv,gmln.4 v2.0,berechnet,
03 Gamelan,Colotomy,Kempur,KPR,,Collision,MMM_KPR_Default_Collision.adv,gmln.4 v2.0,berechnet,
03 Gamelan,Colotomy,Kempyang,KPY,,Collision,MMM_KPY_Default_Collision.adv,gmln.4 v2.0,berechnet,feste Note 76
03 Gamelan,Colotomy,Kethuk,KTK,,Collision,MMM_KTK_Default_Collision.adv,gmln.4 v2.0,berechnet,feste Note 64
03 Gamelan,Balungan,Peking,PKG,,Collision,MMM_PKG_Default_Collision.adv,gmln.4 v2.0,berechnet,
03 Gamelan,Kotekan polos,Pemade Polos,PMP,Polos,Collision,MMM_PMP_Polos_Collision.adv,gmln.4 v2.0,berechnet,
03 Gamelan,Kotekan sangsih,Pemade Sangsih,PMS,Sangsih,Collision,MMM_PMS_Sangsih_Collision.adv,gmln.4 v2.0,berechnet,
03 Gamelan,Melody,Rebab,RBB,Rebab,Collision,MMM_RBB_Rebab_Collision.adv,gmln.4 v2.0,berechnet,
03 Gamelan,Kotekan polos,Reyong Polos,RYP,Polos,Collision,MMM_RYP_Polos_Collision.adv,gmln.4 v2.0,berechnet,
03 Gamelan,Kotekan sangsih,Reyong Sangsih,RYS,Sangsih,Collision,MMM_RYS_Sangsih_Collision.adv,gmln.4 v2.0,berechnet,
03 Gamelan,Balungan,Slenthem,SLN,,Collision,MMM_SLN_Default_Collision.adv,gmln.4 v2.0,berechnet,
03 Gamelan,Balungan,Saron Barung,SRN,,Collision,MMM_SRN_Default_Collision.adv,gmln.4 v2.0,berechnet,
03 Gamelan,Melody,Suling,SUL,Suling,Collision,MMM_SUL_Suling_Collision.adv,gmln.4 v2.0,berechnet,
01 Japan Operator-Set,Trommeln,O-Daiko,,,Operator,O-Daiko.adv,japanische_instrumente_operator.md,vorhanden,Dateien nicht von mir gesehen
01 Japan Operator-Set,Trommeln,Okedo-Daiko,,,Operator,Okedo-Daiko.adv,japanische_instrumente_operator.md,vorhanden,Dateien nicht von mir gesehen
01 Japan Operator-Set,Trommeln,Shime-Daiko,,,Operator,Shime-Daiko.adv,japanische_instrumente_operator.md,vorhanden,Dateien nicht von mir gesehen
01 Japan Operator-Set,Trommeln,Taiko Ka,,,Operator,Taiko_Ka.adv,japanische_instrumente_operator.md,vorhanden,Dateien nicht von mir gesehen
01 Japan Operator-Set,Trommeln,Ko-Tsuzumi,,,Operator,Ko-Tsuzumi.adv,japanische_instrumente_operator.md,vorhanden,Dateien nicht von mir gesehen
01 Japan Operator-Set,Trommeln,O-Tsuzumi,,,Operator,O-Tsuzumi.adv,japanische_instrumente_operator.md,vorhanden,Dateien nicht von mir gesehen
01 Japan Operator-Set,Trommeln,Kakko,,,Operator,Kakko.adv,japanische_instrumente_operator.md,vorhanden,Dateien nicht von mir gesehen
01 Japan Operator-Set,Holz,Hyoshigi,,,Operator,Hyoshigi.adv,japanische_instrumente_operator.md,vorhanden,Dateien nicht von mir gesehen
01 Japan Operator-Set,Holz,Mokugyo,,,Operator,Mokugyo.adv,japanische_instrumente_operator.md,vorhanden,Dateien nicht von mir gesehen
01 Japan Operator-Set,Holz,Yotsudake,,,Operator,Yotsudake.adv,japanische_instrumente_operator.md,vorhanden,Dateien nicht von mir gesehen
01 Japan Operator-Set,Metall,Atarigane,,v3.2,Operator,Atarigane.adv,japanische_instrumente_operator.md,vorhanden,"Dateien nicht von mir gesehen, Version v3.2"
01 Japan Operator-Set,Metall,Bonsho,,v3.2,Operator,Bonsho.adv,japanische_instrumente_operator.md,vorhanden,"Dateien nicht von mir gesehen, Version v3.2"
01 Japan Operator-Set,Metall,Chappa,,v3.2,Operator,Chappa.adv,japanische_instrumente_operator.md,vorhanden,"Dateien nicht von mir gesehen, Version v3.2"
01 Japan Operator-Set,Metall,Rin,,v3.2,Operator,Rin.adv,japanische_instrumente_operator.md,vorhanden,"Dateien nicht von mir gesehen, Version v3.2"
01 Japan Operator-Set,Metall,Shoko,,v3.2,Operator,Shoko.adv,japanische_instrumente_operator.md,vorhanden,"Dateien nicht von mir gesehen, Version v3.2"
01 Japan Operator-Set,Metall,Kagura-Suzu,,v3,Operator,Kagura-Suzu.adv,japanische_instrumente_operator.md,vorhanden,"Dateien nicht von mir gesehen, Version v3"
01 Japan Operator-Set,Metall,Atarigane Jūni-ritsu,,C shinsen,Operator,01 C shinsen.adv,japanische_instrumente_operator.md,vorhanden,fester Ton und Cent-Versatz eingebaut
01 Japan Operator-Set,Metall,Atarigane Jūni-ritsu,,Cs kamimu,Operator,02 Cs kamimu.adv,japanische_instrumente_operator.md,vorhanden,fester Ton und Cent-Versatz eingebaut
01 Japan Operator-Set,Metall,Atarigane Jūni-ritsu,,D ichikotsu,Operator,03 D ichikotsu.adv,japanische_instrumente_operator.md,vorhanden,fester Ton und Cent-Versatz eingebaut
01 Japan Operator-Set,Metall,Atarigane Jūni-ritsu,,Ds tangin,Operator,04 Ds tangin.adv,japanische_instrumente_operator.md,vorhanden,fester Ton und Cent-Versatz eingebaut
01 Japan Operator-Set,Metall,Atarigane Jūni-ritsu,,E hyojo,Operator,05 E hyojo.adv,japanische_instrumente_operator.md,vorhanden,fester Ton und Cent-Versatz eingebaut
01 Japan Operator-Set,Metall,Atarigane Jūni-ritsu,,F shosetsu,Operator,06 F shosetsu.adv,japanische_instrumente_operator.md,vorhanden,fester Ton und Cent-Versatz eingebaut
01 Japan Operator-Set,Metall,Atarigane Jūni-ritsu,,Fs shimomu,Operator,07 Fs shimomu.adv,japanische_instrumente_operator.md,vorhanden,fester Ton und Cent-Versatz eingebaut
01 Japan Operator-Set,Metall,Atarigane Jūni-ritsu,,G sojo,Operator,08 G sojo.adv,japanische_instrumente_operator.md,vorhanden,fester Ton und Cent-Versatz eingebaut
01 Japan Operator-Set,Metall,Atarigane Jūni-ritsu,,Gs fusho,Operator,09 Gs fusho.adv,japanische_instrumente_operator.md,vorhanden,fester Ton und Cent-Versatz eingebaut
01 Japan Operator-Set,Metall,Atarigane Jūni-ritsu,,A oshiki,Operator,10 A oshiki.adv,japanische_instrumente_operator.md,vorhanden,fester Ton und Cent-Versatz eingebaut
01 Japan Operator-Set,Metall,Atarigane Jūni-ritsu,,As rankei,Operator,11 As rankei.adv,japanische_instrumente_operator.md,vorhanden,fester Ton und Cent-Versatz eingebaut
01 Japan Operator-Set,Metall,Atarigane Jūni-ritsu,,B banshiki,Operator,12 B banshiki.adv,japanische_instrumente_operator.md,vorhanden,fester Ton und Cent-Versatz eingebaut
01 Japan Operator-Set,Tonleiter,D Hirajoshi,,,Scale (MIDI-Effekt),D Hirajoshi.adv,japanische_instrumente_operator.md,vorhanden,Töne ab D: D E F A A#
01 Japan Operator-Set,Tonleiter,D In-Sen,,,Scale (MIDI-Effekt),D In-Sen.adv,japanische_instrumente_operator.md,vorhanden,Töne ab D: D D# G A C
01 Japan Operator-Set,Tonleiter,D Iwato,,,Scale (MIDI-Effekt),D Iwato.adv,japanische_instrumente_operator.md,vorhanden,Töne ab D: D D# G G# C
01 Japan Operator-Set,Tonleiter,D Kumoi,,,Scale (MIDI-Effekt),D Kumoi.adv,japanische_instrumente_operator.md,vorhanden,Töne ab D: D E F A B
01 Japan Operator-Set,Tonleiter,D Miyako-bushi,,,Scale (MIDI-Effekt),D Miyako-bushi.adv,japanische_instrumente_operator.md,vorhanden,Töne ab D: D D# G A A#
01 Japan Operator-Set,Tonleiter,D Yo,,,Scale (MIDI-Effekt),D Yo.adv,japanische_instrumente_operator.md,vorhanden,Töne ab D: D E G A B
